"id","amount","timestamp","customer_id","id","first_name","last_name","email","gender"
"653","$90.36","2021-04-17 19:40:05+00:00","22","22","Yevette","Bride","ybridel@jimdo.com","Polygender"
"533","$20.56","2021-04-17 01:12:37+00:00","38","38","Tressa","Viggars","tviggars11@jiathis.com","Genderqueer"
"848","$35.70","2021-04-17 08:13:46+00:00","52","52","Jodi","Titterton","jtitterton1f@google.co.jp","Genderfluid"
"414","$26.07","2021-04-17 14:06:32+00:00","66","66","Tammie","Moughton","tmoughton1t@furl.net","Genderfluid"
"968","$43.40","2021-04-17 10:06:24+00:00","74","74","Katuscha","Blood","kblood21@state.gov","Genderfluid"
"676","$41.66","2021-04-17 09:41:39+00:00","80","80","Shaina","Kryszkiecicz","skryszkiecicz27@disqus.com","Male"
"945","$48.87","2021-04-17 07:13:22+00:00","85","85","Gerladina","Randalson","grandalson2c@mozilla.org","Agender"
"350","$80.03","2021-04-17 01:58:03+00:00","110","110","Carly","Hourahan","chourahan31@house.gov","Polygender"
"857","$15.33","2021-04-17 22:47:07+00:00","129","129","Brewster","Mattiassi","bmattiassi3k@time.com","Female"
"918","$48.11","2021-04-17 05:18:47+00:00","206","206","Christiano","Durrans","cdurrans5p@msn.com","Male"
"770","$56.38","2021-04-17 05:51:40+00:00","235","235","Worden","Barnaby","wbarnaby6i@blogs.com","Bigender"
"586","$52.79","2021-04-17 01:38:55+00:00","240","240","Tami","O'Cannovane","tocannovane6n@sbwire.com","Non-binary"
"270","$75.52","2021-04-17 16:29:47+00:00","303","303","Brit","Reeves","breeves8e@google.com.au","Agender"
"214","$71.16","2021-04-17 14:19:29+00:00","305","305","Sherie","Senyard","ssenyard8g@walmart.com","Genderfluid"
"286","$30.16","2021-04-17 04:16:51+00:00","313","313","Lilas","Spensley","lspensley8o@theguardian.com","Bigender"
"666","$36.07","2021-04-17 01:57:53+00:00","324","324","Brandais","Haestier","bhaestier8z@indiegogo.com","Agender"
"22","$64.56","2021-04-17 20:36:56+00:00","336","336","Louella","Alyutin","lalyutin9b@symantec.com","Non-binary"
"640","$41.97","2021-04-17 17:04:05+00:00","359","359","Timi","Spilling","tspilling9y@newyorker.com","Male"
"637","$63.76","2021-04-17 06:38:56+00:00","497","497","Thibaut","Leonarde","tleonardeds@taobao.com","Non-binary"
"446","$45.45","2021-04-17 07:47:41+00:00","507","507","Cele","Speechly","cspeechlye2@fda.gov","Bigender"
"695","$58.65","2021-04-17 01:04:43+00:00","521","521","Flin","Pepi","fpepieg@xrea.com","Female"
"141","$71.52","2021-04-17 09:34:39+00:00","546","546","Clio","Engeham","cengehamf5@npr.org","Female"
"654","$80.18","2021-04-17 13:11:38+00:00","595","595","Zsa zsa","Jarman","zjarmangi@scribd.com","Female"
"237","$14.27","2021-04-17 07:38:26+00:00","602","602","Glynnis","Brigstock","gbrigstockgp@simplemachines.org","Bigender"
"683","$88.94","2021-04-17 18:28:43+00:00","621","621","Claire","Vela","cvelah8@geocities.jp","Female"
"862","$63.03","2021-04-17 07:39:14+00:00","622","622","Maxy","Thurlby","mthurlbyh9@noaa.gov","Agender"
"519","$63.84","2021-04-17 12:26:35+00:00","637","637","Danice","Andreichik","dandreichikho@shop-pro.jp","Female"
"849","$57.53","2021-04-17 05:17:55+00:00","653","653","Mitchael","Kleisle","mkleislei4@wikia.com","Genderqueer"
"438","$82.95","2021-04-17 16:41:26+00:00","657","657","Caron","Rutley","crutleyi8@studiopress.com","Bigender"
"581","$17.40","2021-04-17 23:24:13+00:00","688","688","Rafael","Rolley","rrolleyj3@wunderground.com","Male"
"254","$82.34","2021-04-17 17:54:00+00:00","692","692","Issy","Meo","imeoj7@jigsy.com","Polygender"
"67","$19.70","2021-04-17 19:50:30+00:00","705","705","Marijo","Pardi","mpardijk@disqus.com","Agender"
"445","$88.49","2021-04-17 16:42:36+00:00","707","707","Holt","Corps","hcorpsjm@china.com.cn","Genderqueer"
"34","$59.25","2021-04-17 04:21:40+00:00","728","728","Cordula","Antoniak","cantoniakk7@buzzfeed.com","Polygender"
"146","$91.45","2021-04-17 12:22:17+00:00","730","730","Dorelia","Sidon","dsidonk9@slate.com","Bigender"
"451","$62.07","2021-04-17 18:36:16+00:00","737","737","Alanah","Shoebridge","ashoebridgekg@about.me","Non-binary"
"245","$28.28","2021-04-17 12:59:23+00:00","742","742","Bayard","Draude","bdraudekl@homestead.com","Agender"
"479","$27.91","2021-04-17 02:35:49+00:00","748","748","Mirabelle","Jacquot","mjacquotkr@rambler.ru","Genderqueer"
"354","$83.75","2021-04-17 12:33:57+00:00","828","828","Carleton","Lawley","clawleymz@yolasite.com","Bigender"
"976","$66.18","2021-04-17 04:06:42+00:00","844","844","Albie","Cogzell","acogzellnf@furl.net","Genderfluid"
"198","$96.69","2021-04-17 03:46:26+00:00","848","848","Colette","Eliassen","celiassennj@jalbum.net","Male"
"716","$18.58","2021-04-17 20:01:02+00:00","896","896","Selina","Randerson","srandersonov@edublogs.org","Agender"
"531","$37.44","2021-04-17 12:06:31+00:00","902","902","Hayward","Jerrom","hjerromp1@booking.com","Male"
"100","$67.78","2021-04-17 11:42:11+00:00","928","928","Lonna","Chance","lchancepr@behance.net","Genderqueer"
"741","$23.89","2021-04-17 11:53:58+00:00","940","940","Camila","Marchand","cmarchandq3@home.pl","Polygender"
"907","$75.71","2021-04-17 08:34:51+00:00","961","961","Ysabel","Cherrington","ycherringtonqo@fema.gov","Male"
